frames,parents,incoming,override,round,candidate,ns_block
32,0,1,false,0,0,40.8257
32,0,1,false,0,1,10.380033333333333
32,0,1,false,1,1,10.404066666666667
32,0,1,false,1,0,38.33893333333334
32,0,1,false,2,0,38.277833333333334
32,0,1,false,2,1,10.484166666666667
32,0,1,false,3,1,10.021466666666667
32,0,1,false,3,0,39.03633333333333
32,0,1,false,4,0,38.34396666666667
32,0,1,false,4,1,10.4224
32,0,1,false,5,1,10.1597
32,0,1,false,5,0,38.3436
32,0,1,false,6,0,39.030633333333334
32,0,1,false,6,1,10.947866666666666
32,0,1,false,7,1,10.3206
32,0,1,false,7,0,38.33226666666667
32,0,1,true,0,0,13.017333333333333
32,0,1,true,0,1,12.492566666666667
32,0,1,true,1,1,13.000633333333333
32,0,1,true,1,0,13.7498
32,0,1,true,2,0,13.224333333333334
32,0,1,true,2,1,12.8631
32,0,1,true,3,1,13.386233333333333
32,0,1,true,3,0,13.2657
32,0,1,true,4,0,13.6139
32,0,1,true,4,1,12.760933333333334
32,0,1,true,5,1,12.759633333333333
32,0,1,true,5,0,13.463
32,0,1,true,6,0,16.665166666666668
32,0,1,true,6,1,13.401933333333334
32,0,1,true,7,1,12.864433333333332
32,0,1,true,7,0,13.569166666666666
32,0,4,false,0,0,149.0088
32,0,4,false,0,1,35.66956666666667
32,0,4,false,1,1,38.30586666666667
32,0,4,false,1,0,149.53226666666666
32,0,4,false,2,0,210.1198
32,0,4,false,2,1,39.195233333333334
32,0,4,false,3,1,36.8627
32,0,4,false,3,0,151.16706666666667
32,0,4,false,4,0,152.04473333333334
32,0,4,false,4,1,36.4187
32,0,4,false,5,1,39.81783333333333
32,0,4,false,5,0,151.0509
32,0,4,false,6,0,149.4735
32,0,4,false,6,1,36.91976666666667
32,0,4,false,7,1,36.32853333333333
32,0,4,false,7,0,149.42943333333332
32,0,4,true,0,0,143.845
32,0,4,true,0,1,37.94
32,0,4,true,1,1,36.4534
32,0,4,true,1,0,139.9491
32,0,4,true,2,0,137.58353333333332
32,0,4,true,2,1,37.4095
32,0,4,true,3,1,36.19103333333333
32,0,4,true,3,0,136.4428
32,0,4,true,4,0,135.7124
32,0,4,true,4,1,35.9737
32,0,4,true,5,1,35.66256666666666
32,0,4,true,5,0,137.8379
32,0,4,true,6,0,135.77546666666666
32,0,4,true,6,1,38.65873333333333
32,0,4,true,7,1,35.6809
32,0,4,true,7,0,136.2048
32,1,1,false,0,0,65.63116666666667
32,1,1,false,0,1,11.030666666666667
32,1,1,false,1,1,10.6354
32,1,1,false,1,0,65.08466666666666
32,1,1,false,2,0,65.30333333333333
32,1,1,false,2,1,10.5022
32,1,1,false,3,1,10.8544
32,1,1,false,3,0,64.76286666666667
32,1,1,false,4,0,65.52466666666666
32,1,1,false,4,1,10.300233333333333
32,1,1,false,5,1,10.302566666666667
32,1,1,false,5,0,65.0643
32,1,1,false,6,0,65.17613333333334
32,1,1,false,6,1,10.944566666666667
32,1,1,false,7,1,10.7115
32,1,1,false,7,0,65.298
32,1,1,true,0,0,69.30373333333333
32,1,1,true,0,1,10.2595
32,1,1,true,1,1,10.262166666666667
32,1,1,true,1,0,70.18103333333333
32,1,1,true,2,0,69.4593
32,1,1,true,2,1,10.120966666666666
32,1,1,true,3,1,10.7529
32,1,1,true,3,0,69.3591
32,1,1,true,4,0,69.82046666666666
32,1,1,true,4,1,10.867733333333334
32,1,1,true,5,1,10.351966666666666
32,1,1,true,5,0,69.22526666666667
32,1,1,true,6,0,69.91163333333333
32,1,1,true,6,1,10.998966666666666
32,1,1,true,7,1,10.499533333333334
32,1,1,true,7,0,69.45793333333333
32,1,4,false,0,0,256.8217333333333
32,1,4,false,0,1,36.289833333333334
32,1,4,false,1,1,35.3938
32,1,4,false,1,0,255.14116666666666
32,1,4,false,2,0,261.7168
32,1,4,false,2,1,33.7243
32,1,4,false,3,1,33.8094
32,1,4,false,3,0,255.0203
32,1,4,false,4,0,254.60036666666667
32,1,4,false,4,1,33.9246
32,1,4,false,5,1,34.190333333333335
32,1,4,false,5,0,259.64096666666666
32,1,4,false,6,0,256.9669333333333
32,1,4,false,6,1,33.6822
32,1,4,false,7,1,34.59426666666667
32,1,4,false,7,0,254.80333333333334
32,1,4,true,0,0,272.39456666666666
32,1,4,true,0,1,33.761
32,1,4,true,1,1,35.3237
32,1,4,true,1,0,272.08543333333336
32,1,4,true,2,0,282.7291666666667
32,1,4,true,2,1,36.5983
32,1,4,true,3,1,35.108066666666666
32,1,4,true,3,0,272.9454
32,1,4,true,4,0,272.86193333333335
32,1,4,true,4,1,34.57993333333334
32,1,4,true,5,1,34.4317
32,1,4,true,5,0,280.01276666666666
32,1,4,true,6,0,272.50673333333333
32,1,4,true,6,1,33.994
32,1,4,true,7,1,34.84733333333333
32,1,4,true,7,0,272.9567666666667
32,2,1,false,0,0,87.92953333333334
32,2,1,false,0,1,10.822333333333333
32,2,1,false,1,1,11.061033333333333
32,2,1,false,1,0,87.9392
32,2,1,false,2,0,88.44766666666666
32,2,1,false,2,1,10.5192
32,2,1,false,3,1,10.9058
32,2,1,false,3,0,87.81366666666666
32,2,1,false,4,0,87.88343333333333
32,2,1,false,4,1,10.4124
32,2,1,false,5,1,10.852066666666667
32,2,1,false,5,0,88.0377
32,2,1,false,6,0,88.39423333333333
32,2,1,false,6,1,10.505866666666666
32,2,1,false,7,1,10.4992
32,2,1,false,7,0,87.84806666666667
32,2,1,true,0,0,93.04326666666667
32,2,1,true,0,1,11.030333333333333
32,2,1,true,1,1,11.386533333333333
32,2,1,true,1,0,92.42766666666667
32,2,1,true,2,0,94.24006666666666
32,2,1,true,2,1,10.617033333333334
32,2,1,true,3,1,11.217633333333334
32,2,1,true,3,0,93.04323333333333
32,2,1,true,4,0,92.1843
32,2,1,true,4,1,11.053366666666667
32,2,1,true,5,1,10.6975
32,2,1,true,5,0,99.84753333333333
32,2,1,true,6,0,93.8712
32,2,1,true,6,1,10.966566666666667
32,2,1,true,7,1,13.438633333333334
32,2,1,true,7,0,94.7131
32,2,4,false,0,0,345.7223333333333
32,2,4,false,0,1,36.5609
32,2,4,false,1,1,35.92926666666666
32,2,4,false,1,0,344.7465666666667
32,2,4,false,2,0,353.7284333333333
32,2,4,false,2,1,35.68793333333333
32,2,4,false,3,1,36.4327
32,2,4,false,3,0,355.63433333333336
32,2,4,false,4,0,349.82756666666666
32,2,4,false,4,1,35.4893
32,2,4,false,5,1,35.547066666666666
32,2,4,false,5,0,344.7536
32,2,4,false,6,0,344.80133333333333
32,2,4,false,6,1,35.6155
32,2,4,false,7,1,35.8298
32,2,4,false,7,0,347.70736666666664
32,2,4,true,0,0,375.7350333333333
32,2,4,true,0,1,35.981033333333336
32,2,4,true,1,1,35.408166666666666
32,2,4,true,1,0,367.5346666666667
32,2,4,true,2,0,367.35706666666664
32,2,4,true,2,1,36.61533333333333
32,2,4,true,3,1,37.66223333333333
32,2,4,true,3,0,373.22156666666666
32,2,4,true,4,0,365.1390333333333
32,2,4,true,4,1,36.125233333333334
32,2,4,true,5,1,44.859766666666665
32,2,4,true,5,0,366.7180666666667
32,2,4,true,6,0,364.6773333333333
32,2,4,true,6,1,36.5272
32,2,4,true,7,1,36.5302
32,2,4,true,7,0,367.0729666666667
32,4,1,false,0,0,151.68283333333332
32,4,1,false,0,1,14.464533333333334
32,4,1,false,1,1,14.627433333333334
32,4,1,false,1,0,166.97863333333333
32,4,1,false,2,0,144.00623333333334
32,4,1,false,2,1,13.919366666666667
32,4,1,false,3,1,14.099966666666667
32,4,1,false,3,0,142.5614
32,4,1,false,4,0,143.67573333333334
32,4,1,false,4,1,13.961433333333334
32,4,1,false,5,1,14.168066666666666
32,4,1,false,5,0,143.2508
32,4,1,false,6,0,143.4651
32,4,1,false,6,1,13.740433333333334
32,4,1,false,7,1,14.0756
32,4,1,false,7,0,142.3334
32,4,1,true,0,0,163.20393333333334
32,4,1,true,0,1,14.6074
32,4,1,true,1,1,15.321133333333334
32,4,1,true,1,0,154.70006666666666
32,4,1,true,2,0,155.16643333333334
32,4,1,true,2,1,15.0801
32,4,1,true,3,1,14.745966666666666
32,4,1,true,3,0,155.20783333333333
32,4,1,true,4,0,158.94613333333334
32,4,1,true,4,1,14.8915
32,4,1,true,5,1,15.149566666666667
32,4,1,true,5,0,158.07486666666668
32,4,1,true,6,0,154.77083333333334
32,4,1,true,6,1,14.294233333333333
32,4,1,true,7,1,14.929533333333334
32,4,1,true,7,0,154.15223333333333
32,4,4,false,0,0,601.4033666666667
32,4,4,false,0,1,52.28066666666667
32,4,4,false,1,1,52.0967
32,4,4,false,1,0,586.7735666666666
32,4,4,false,2,0,594.5870666666667
32,4,4,false,2,1,53.63636666666667
32,4,4,false,3,1,50.4786
32,4,4,false,3,0,717.4099333333334
32,4,4,false,4,0,602.8051
32,4,4,false,4,1,56.10243333333333
32,4,4,false,5,1,50.77803333333333
32,4,4,false,5,0,579.0472333333333
32,4,4,false,6,0,601.7979666666666
32,4,4,false,6,1,51.648
32,4,4,false,7,1,51.529833333333336
32,4,4,false,7,0,576.6209333333334
32,4,4,true,0,0,629.9748333333333
32,4,4,true,0,1,55.87873333333334
32,4,4,true,1,1,53.45343333333334
32,4,4,true,1,0,622.135
32,4,4,true,2,0,619.4956666666667
32,4,4,true,2,1,52.77303333333333
32,4,4,true,3,1,53.8724
32,4,4,true,3,0,631.8760666666667
32,4,4,true,4,0,624.2191666666666
32,4,4,true,4,1,53.59263333333333
32,4,4,true,5,1,59.677166666666665
32,4,4,true,5,0,624.0596
32,4,4,true,6,0,619.7938
32,4,4,true,6,1,51.213033333333335
32,4,4,true,7,1,51.90006666666667
32,4,4,true,7,0,614.9611666666667
32,8,1,false,0,0,312.52053333333333
32,8,1,false,0,1,22.569766666666666
32,8,1,false,1,1,23.394033333333333
32,8,1,false,1,0,295.69443333333334
32,8,1,false,2,0,304.4627
32,8,1,false,2,1,23.3219
32,8,1,false,3,1,23.2585
32,8,1,false,3,0,301.3666666666667
32,8,1,false,4,0,385.64433333333335
32,8,1,false,4,1,34.5632
32,8,1,false,5,1,33.84746666666667
32,8,1,false,5,0,485.9649333333333
32,8,1,false,6,0,510.4092
32,8,1,false,6,1,30.184933333333333
32,8,1,false,7,1,29.832066666666666
32,8,1,false,7,0,449.3329
32,8,1,true,0,0,465.9487
32,8,1,true,0,1,33.7697
32,8,1,true,1,1,32.7685
32,8,1,true,1,0,463.9814
32,8,1,true,2,0,430.31983333333335
32,8,1,true,2,1,32.25906666666667
32,8,1,true,3,1,33.306
32,8,1,true,3,0,411.70003333333335
32,8,1,true,4,0,319.67133333333334
32,8,1,true,4,1,23.706466666666667
32,8,1,true,5,1,25.2695
32,8,1,true,5,0,313.44626666666665
32,8,1,true,6,0,312.1893666666667
32,8,1,true,6,1,26.002266666666667
32,8,1,true,7,1,24.6165
32,8,1,true,7,0,315.5728
32,8,4,false,0,0,1185.0241666666666
32,8,4,false,0,1,84.68593333333334
32,8,4,false,1,1,84.30806666666666
32,8,4,false,1,0,1186.6503
32,8,4,false,2,0,1210.1948666666667
32,8,4,false,2,1,86.6179
32,8,4,false,3,1,84.1311
32,8,4,false,3,0,1196.391
32,8,4,false,4,0,1194.192
32,8,4,false,4,1,104.57166666666667
32,8,4,false,5,1,114.11073333333333
32,8,4,false,5,0,1215.8460666666667
32,8,4,false,6,0,1191.9596666666666
32,8,4,false,6,1,85.80633333333333
32,8,4,false,7,1,84.9517
32,8,4,false,7,0,1190.6086333333333
32,8,4,true,0,0,1243.7672666666667
32,8,4,true,0,1,85.0388
32,8,4,true,1,1,86.7374
32,8,4,true,1,0,1239.8426666666667
32,8,4,true,2,0,1264.6504666666667
32,8,4,true,2,1,87.72053333333334
32,8,4,true,3,1,86.51036666666667
32,8,4,true,3,0,1276.8776
32,8,4,true,4,0,1326.1914666666667
32,8,4,true,4,1,86.67596666666667
32,8,4,true,5,1,87.14033333333333
32,8,4,true,5,0,1352.4965666666667
32,8,4,true,6,0,1294.0392
32,8,4,true,6,1,85.39366666666666
32,8,4,true,7,1,86.68396666666666
32,8,4,true,7,0,1254.9675333333332
32,16,1,false,0,0,705.104
32,16,1,false,0,1,37.65186666666666
32,16,1,false,1,1,47.81726666666667
32,16,1,false,1,0,706.4574333333334
32,16,1,false,2,0,758.2029333333334
32,16,1,false,2,1,38.7342
32,16,1,false,3,1,38.2645
32,16,1,false,3,0,710.2848333333334
32,16,1,false,4,0,711.0587333333333
32,16,1,false,4,1,36.786566666666666
32,16,1,false,5,1,37.55876666666666
32,16,1,false,5,0,745.4813666666666
32,16,1,false,6,0,762.1001666666667
32,16,1,false,6,1,39.33443333333334
32,16,1,false,7,1,37.44156666666667
32,16,1,false,7,0,700.6369666666667
32,16,1,true,0,0,720.7423333333334
32,16,1,true,0,1,38.6968
32,16,1,true,1,1,37.952333333333335
32,16,1,true,1,0,720.0523
32,16,1,true,2,0,716.7342666666667
32,16,1,true,2,1,39.6282
32,16,1,true,3,1,39.3912
32,16,1,true,3,0,714.4398
32,16,1,true,4,0,755.7251666666667
32,16,1,true,4,1,38.44606666666667
32,16,1,true,5,1,38.388
32,16,1,true,5,0,731.0419
32,16,1,true,6,0,719.7808666666666
32,16,1,true,6,1,39.48433333333333
32,16,1,true,7,1,40.08656666666667
32,16,1,true,7,0,717.3919333333333
32,16,4,false,0,0,2798.1118
32,16,4,false,0,1,146.96406666666667
32,16,4,false,1,1,148.479
32,16,4,false,1,0,2857.4781666666668
32,16,4,false,2,0,2918.1815333333334
32,16,4,false,2,1,147.65276666666668
32,16,4,false,3,1,149.85606666666666
32,16,4,false,3,0,2842.9482
32,16,4,false,4,0,2851.5178
32,16,4,false,4,1,147.2385
32,16,4,false,5,1,150.98246666666665
32,16,4,false,5,0,2927.8067333333333
32,16,4,false,6,0,3287.8437
32,16,4,false,6,1,153.04723333333334
32,16,4,false,7,1,257.7033666666667
32,16,4,false,7,0,2945.452366666667
32,16,4,true,0,0,3019.8992333333335
32,16,4,true,0,1,152.3295
32,16,4,true,1,1,147.91616666666667
32,16,4,true,1,0,3018.6082666666666
32,16,4,true,2,0,3097.105233333333
32,16,4,true,2,1,150.25303333333332
32,16,4,true,3,1,155.86686666666665
32,16,4,true,3,0,2870.4511
32,16,4,true,4,0,2875.0533666666665
32,16,4,true,4,1,146.20923333333334
32,16,4,true,5,1,146.83286666666666
32,16,4,true,5,0,2875.2326333333335
32,16,4,true,6,0,2867.872533333333
32,16,4,true,6,1,151.6084
32,16,4,true,7,1,147.94823333333332
32,16,4,true,7,0,2981.1607
128,0,1,false,0,0,169.03473333333332
128,0,1,false,0,1,20.437866666666668
128,0,1,false,1,1,19.5085
128,0,1,false,1,0,167.24606666666668
128,0,1,false,2,0,164.89746666666667
128,0,1,false,2,1,22.888233333333332
128,0,1,false,3,1,22.01493333333333
128,0,1,false,3,0,167.71576666666667
128,0,1,false,4,0,162.5202
128,0,1,false,4,1,21.584966666666666
128,0,1,false,5,1,19.532833333333333
128,0,1,false,5,0,162.56763333333333
128,0,1,false,6,0,163.16116666666667
128,0,1,false,6,1,21.7145
128,0,1,false,7,1,21.95916666666667
128,0,1,false,7,0,162.2091
128,0,1,true,0,0,30.959466666666668
128,0,1,true,0,1,30.283766666666665
128,0,1,true,1,1,29.969266666666666
128,0,1,true,1,0,31.0399
128,0,1,true,2,0,30.856266666666667
128,0,1,true,2,1,29.891833333333334
128,0,1,true,3,1,36.52386666666666
128,0,1,true,3,0,31.035233333333334
128,0,1,true,4,0,62.5001
128,0,1,true,4,1,32.47506666666666
128,0,1,true,5,1,39.32573333333333
128,0,1,true,5,0,33.5407
128,0,1,true,6,0,39.925666666666665
128,0,1,true,6,1,34.826966666666664
128,0,1,true,7,1,30.146533333333334
128,0,1,true,7,0,30.315133333333332
128,0,4,false,0,0,688.5917666666667
128,0,4,false,0,1,59.22116666666667
128,0,4,false,1,1,56.605866666666664
128,0,4,false,1,0,678.6464
128,0,4,false,2,0,729.8884666666667
128,0,4,false,2,1,57.495866666666664
128,0,4,false,3,1,58.9494
128,0,4,false,3,0,668.2714
128,0,4,false,4,0,687.5067666666666
128,0,4,false,4,1,60.84863333333333
128,0,4,false,5,1,60.737433333333335
128,0,4,false,5,0,733.7329333333333
128,0,4,false,6,0,723.1329666666667
128,0,4,false,6,1,57.466166666666666
128,0,4,false,7,1,61.12703333333334
128,0,4,false,7,0,726.9881
128,0,4,true,0,0,596.1587666666667
128,0,4,true,0,1,70.40303333333334
128,0,4,true,1,1,69.51003333333334
128,0,4,true,1,0,600.5610666666666
128,0,4,true,2,0,591.9260666666667
128,0,4,true,2,1,68.5122
128,0,4,true,3,1,69.1351
128,0,4,true,3,0,600.1891666666667
128,0,4,true,4,0,600.9630333333333
128,0,4,true,4,1,70.34193333333333
128,0,4,true,5,1,69.492
128,0,4,true,5,0,594.9599333333333
128,0,4,true,6,0,606.3261
128,0,4,true,6,1,68.08156666666666
128,0,4,true,7,1,96.99356666666667
128,0,4,true,7,0,621.0346666666667
128,1,1,false,0,0,258.1033
128,1,1,false,0,1,21.550233333333335
128,1,1,false,1,1,22.51803333333333
128,1,1,false,1,0,259.1125
128,1,1,false,2,0,294.8718333333333
128,1,1,false,2,1,23.275166666666667
128,1,1,false,3,1,22.2987
128,1,1,false,3,0,254.35196666666667
128,1,1,false,4,0,254.47783333333334
128,1,1,false,4,1,20.646533333333334
128,1,1,false,5,1,26.4817
128,1,1,false,5,0,251.9901
128,1,1,false,6,0,259.32983333333334
128,1,1,false,6,1,21.980866666666667
128,1,1,false,7,1,21.0134
128,1,1,false,7,0,260.97996666666666
128,1,1,true,0,0,303.41813333333334
128,1,1,true,0,1,22.578133333333334
128,1,1,true,1,1,22.275
128,1,1,true,1,0,337.5854
128,1,1,true,2,0,305.12236666666666
128,1,1,true,2,1,22.378133333333334
128,1,1,true,3,1,24.366833333333332
128,1,1,true,3,0,324.0653
128,1,1,true,4,0,290.9372666666667
128,1,1,true,4,1,22.4399
128,1,1,true,5,1,22.6589
128,1,1,true,5,0,297.0782
128,1,1,true,6,0,294.7824
128,1,1,true,6,1,21.891733333333335
128,1,1,true,7,1,22.6609
128,1,1,true,7,0,295.8306333333333
128,1,4,false,0,0,1014.9652333333333
128,1,4,false,0,1,74.08993333333333
128,1,4,false,1,1,71.60586666666667
128,1,4,false,1,0,1032.2743666666668
128,1,4,false,2,0,1044.5198666666668
128,1,4,false,2,1,94.18263333333333
128,1,4,false,3,1,88.00496666666666
128,1,4,false,3,0,1039.0579333333333
128,1,4,false,4,0,1064.9527333333333
128,1,4,false,4,1,77.5258
128,1,4,false,5,1,71.86026666666666
128,1,4,false,5,0,1069.1377333333332
128,1,4,false,6,0,1117.4554333333333
128,1,4,false,6,1,74.78733333333334
128,1,4,false,7,1,70.9512
128,1,4,false,7,0,1035.8137
128,1,4,true,0,0,1251.4261666666666
128,1,4,true,0,1,73.71236666666667
128,1,4,true,1,1,73.58716666666666
128,1,4,true,1,0,1162.6307
128,1,4,true,2,0,1276.7167
128,1,4,true,2,1,75.84223333333334
128,1,4,true,3,1,74.00516666666667
128,1,4,true,3,0,1219.2455666666667
128,1,4,true,4,0,1262.6134333333334
128,1,4,true,4,1,79.25373333333333
128,1,4,true,5,1,74.29223333333333
128,1,4,true,5,0,1171.2870666666668
128,1,4,true,6,0,1212.2136
128,1,4,true,6,1,73.21526666666666
128,1,4,true,7,1,83.12523333333333
128,1,4,true,7,0,1222.8723666666667
128,2,1,false,0,0,348.6501
128,2,1,false,0,1,26.170566666666666
128,2,1,false,1,1,26.066033333333333
128,2,1,false,1,0,356.52236666666664
128,2,1,false,2,0,359.28183333333334
128,2,1,false,2,1,25.8691
128,2,1,false,3,1,26.2106
128,2,1,false,3,0,347.39753333333334
128,2,1,false,4,0,355.406
128,2,1,false,4,1,26.152533333333334
128,2,1,false,5,1,26.390866666666668
128,2,1,false,5,0,349.4540333333333
128,2,1,false,6,0,369.2863
128,2,1,false,6,1,36.3723
128,2,1,false,7,1,29.746933333333335
128,2,1,false,7,0,373.1268
128,2,1,true,0,0,450.65293333333335
128,2,1,true,0,1,28.5725
128,2,1,true,1,1,28.662966666666666
128,2,1,true,1,0,388.1565
128,2,1,true,2,0,390.7056666666667
128,2,1,true,2,1,28.106133333333332
128,2,1,true,3,1,28.6029
128,2,1,true,3,0,403.28436666666664
128,2,1,true,4,0,392.0957666666667
128,2,1,true,4,1,28.031666666666666
128,2,1,true,5,1,27.234133333333332
128,2,1,true,5,0,392.15183333333334
128,2,1,true,6,0,401.95433333333335
128,2,1,true,6,1,31.220833333333335
128,2,1,true,7,1,29.712233333333334
128,2,1,true,7,0,388.3661333333333
128,2,4,false,0,0,1469.0436333333334
128,2,4,false,0,1,88.58553333333333
128,2,4,false,1,1,102.7963
128,2,4,false,1,0,1435.6398333333334
128,2,4,false,2,0,1441.6733
128,2,4,false,2,1,98.8734
128,2,4,false,3,1,88.75676666666666
128,2,4,false,3,0,1446.2742333333333
128,2,4,false,4,0,1385.3244666666667
128,2,4,false,4,1,89.3914
128,2,4,false,5,1,86.97306666666667
128,2,4,false,5,0,1417.9401
128,2,4,false,6,0,1446.549
128,2,4,false,6,1,87.77063333333334
128,2,4,false,7,1,89.49253333333333
128,2,4,false,7,0,1458.2493333333334
128,2,4,true,0,0,1505.2126333333333
128,2,4,true,0,1,91.47723333333333
128,2,4,true,1,1,94.37826666666666
128,2,4,true,1,0,1481.4594
128,2,4,true,2,0,1531.5127
128,2,4,true,2,1,125.09803333333333
128,2,4,true,3,1,97.27563333333333
128,2,4,true,3,0,1502.4524333333334
128,2,4,true,4,0,1468.2878333333333
128,2,4,true,4,1,89.94323333333334
128,2,4,true,5,1,89.90216666666667
128,2,4,true,5,0,1534.0288333333333
128,2,4,true,6,0,1651.2873333333334
128,2,4,true,6,1,96.50246666666666
128,2,4,true,7,1,91.79803333333334
128,2,4,true,7,0,1602.9386
128,4,1,false,0,0,614.3699666666666
128,4,1,false,0,1,39.13243333333333
128,4,1,false,1,1,36.97586666666667
128,4,1,false,1,0,605.6243666666667
128,4,1,false,2,0,572.0747
128,4,1,false,2,1,36.49146666666667
128,4,1,false,3,1,40.08623333333333
128,4,1,false,3,0,589.8739333333333
128,4,1,false,4,0,567.5722666666667
128,4,1,false,4,1,38.343266666666665
128,4,1,false,5,1,37.79646666666667
128,4,1,false,5,0,571.4451
128,4,1,false,6,0,662.0717
128,4,1,false,6,1,36.99823333333333
128,4,1,false,7,1,41.887933333333336
128,4,1,false,7,0,586.0932
128,4,1,true,0,0,727.9489
128,4,1,true,0,1,37.94
128,4,1,true,1,1,39.6666
128,4,1,true,1,0,689.2343666666667
128,4,1,true,2,0,734.639
128,4,1,true,2,1,37.213566666666665
128,4,1,true,3,1,36.77623333333333
128,4,1,true,3,0,663.5385333333334
128,4,1,true,4,0,665.6474333333333
128,4,1,true,4,1,37.64053333333333
128,4,1,true,5,1,36.59863333333333
128,4,1,true,5,0,807.7469666666667
128,4,1,true,6,0,848.3384666666667
128,4,1,true,6,1,37.8365
128,4,1,true,7,1,36.9398
128,4,1,true,7,0,681.9677666666666
128,4,4,false,0,0,2292.3756333333336
128,4,4,false,0,1,124.53316666666667
128,4,4,false,1,1,122.4587
128,4,4,false,1,0,2289.6004333333335
128,4,4,false,2,0,2264.6404
128,4,4,false,2,1,118.41156666666667
128,4,4,false,3,1,121.3016
128,4,4,false,3,0,2251.3369666666667
128,4,4,false,4,0,2268.039566666667
128,4,4,false,4,1,119.6588
128,4,4,false,5,1,120.04203333333334
128,4,4,false,5,0,2280.3508
128,4,4,false,6,0,2267.7300666666665
128,4,4,false,6,1,119.83706666666667
128,4,4,false,7,1,119.2612
128,4,4,false,7,0,2253.6094
128,4,4,true,0,0,2516.680533333333
128,4,4,true,0,1,120.72173333333333
128,4,4,true,1,1,149.96293333333332
128,4,4,true,1,0,2526.5511333333334
128,4,4,true,2,0,2489.8156
128,4,4,true,2,1,120.18123333333334
128,4,4,true,3,1,120.19426666666666
128,4,4,true,3,0,2786.11
128,4,4,true,4,0,2631.171533333333
128,4,4,true,4,1,122.33283333333334
128,4,4,true,5,1,123.5727
128,4,4,true,5,0,2539.6661
128,4,4,true,6,0,2507.5263666666665
128,4,4,true,6,1,121.33266666666667
128,4,4,true,7,1,119.83406666666667
128,4,4,true,7,0,2487.0064
128,8,1,false,0,0,1177.5335333333333
128,8,1,false,0,1,52.69996666666667
128,8,1,false,1,1,52.59713333333333
128,8,1,false,1,0,1179.168
128,8,1,false,2,0,1221.0462333333332
128,8,1,false,2,1,55.3216
128,8,1,false,3,1,51.87906666666667
128,8,1,false,3,0,1164.0311
128,8,1,false,4,0,1194.2274
128,8,1,false,4,1,52.55643333333333
128,8,1,false,5,1,53.25546666666666
128,8,1,false,5,0,1170.6791666666666
128,8,1,false,6,0,1163.4642666666666
128,8,1,false,6,1,55.2418
128,8,1,false,7,1,52.5544
128,8,1,false,7,0,1215.2808666666667
128,8,1,true,0,0,1314.7965666666666
128,8,1,true,0,1,52.478966666666665
128,8,1,true,1,1,54.771766666666664
128,8,1,true,1,0,1364.9887666666666
128,8,1,true,2,0,1338.9945
128,8,1,true,2,1,55.337633333333336
128,8,1,true,3,1,56.70836666666667
128,8,1,true,3,0,1383.2690333333333
128,8,1,true,4,0,1333.3139
128,8,1,true,4,1,57.25816666666667
128,8,1,true,5,1,58.55746666666667
128,8,1,true,5,0,1534.3823666666667
128,8,1,true,6,0,1360.5482
128,8,1,true,6,1,53.05116666666667
128,8,1,true,7,1,54.305033333333334
128,8,1,true,7,0,1387.9888333333333
128,8,4,false,0,0,4674.469166666667
128,8,4,false,0,1,189.48296666666667
128,8,4,false,1,1,194.0572
128,8,4,false,1,0,5405.701
128,8,4,false,2,0,4664.3382
128,8,4,false,2,1,188.5579
128,8,4,false,3,1,191.49466666666666
128,8,4,false,3,0,4674.554266666667
128,8,4,false,4,0,4765.0867333333335
128,8,4,false,4,1,189.89456666666666
128,8,4,false,5,1,187.85216666666668
128,8,4,false,5,0,4682.240233333333
128,8,4,false,6,0,4736.183033333334
128,8,4,false,6,1,187.56976666666668
128,8,4,false,7,1,201.07846666666666
128,8,4,false,7,0,4676.126966666667
128,8,4,true,0,0,5002.2607333333335
128,8,4,true,0,1,189.72866666666667
128,8,4,true,1,1,188.86803333333333
128,8,4,true,1,0,4998.359166666667
128,8,4,true,2,0,5246.9194
128,8,4,true,2,1,192.23376666666667
128,8,4,true,3,1,196.2165
128,8,4,true,3,0,4957.9942
128,8,4,true,4,0,4946.376966666667
128,8,4,true,4,1,187.87686666666667
128,8,4,true,5,1,230.04693333333333
128,8,4,true,5,0,4951.350466666667
128,8,4,true,6,0,4972.071466666666
128,8,4,true,6,1,189.94366666666667
128,8,4,true,7,1,195.76546666666667
128,8,4,true,7,0,4938.1919333333335
128,16,1,false,0,0,2771.147
128,16,1,false,0,1,86.17686666666667
128,16,1,false,1,1,87.7893
128,16,1,false,1,0,2800.6232333333332
128,16,1,false,2,0,2855.4617333333335
128,16,1,false,2,1,86.78846666666666
128,16,1,false,3,1,87.37603333333334
128,16,1,false,3,0,2792.0082
128,16,1,false,4,0,2788.8858333333333
128,16,1,false,4,1,90.5024
128,16,1,false,5,1,86.44496666666667
128,16,1,false,5,0,3298.2903333333334
128,16,1,false,6,0,2856.641166666667
128,16,1,false,6,1,93.03726666666667
128,16,1,false,7,1,87.32326666666667
128,16,1,false,7,0,2806.7501333333335
128,16,1,true,0,0,2857.9268
128,16,1,true,0,1,109.5345
128,16,1,true,1,1,91.01316666666666
128,16,1,true,1,0,2870.637333333333
128,16,1,true,2,0,2878.4398
128,16,1,true,2,1,89.139
128,16,1,true,3,1,96.68443333333333
128,16,1,true,3,0,2904.9174666666668
128,16,1,true,4,0,2837.7376
128,16,1,true,4,1,89.23113333333333
128,16,1,true,5,1,88.43896666666667
128,16,1,true,5,0,2943.7695
128,16,1,true,6,0,2844.8800666666666
128,16,1,true,6,1,89.11763333333333
128,16,1,true,7,1,88.66063333333334
128,16,1,true,7,0,2833.4268
128,16,4,false,0,0,11165.3174
128,16,4,false,0,1,327.7682
128,16,4,false,1,1,328.1064333333333
128,16,4,false,1,0,11213.806966666667
128,16,4,false,2,0,11210.960633333334
128,16,4,false,2,1,327.8346666666667
128,16,4,false,3,1,331.65476666666666
128,16,4,false,3,0,11746.342233333333
128,16,4,false,4,0,11144.5286
128,16,4,false,4,1,334.37736666666666
128,16,4,false,5,1,327.90046666666666
128,16,4,false,5,0,11200.384666666667
128,16,4,false,6,0,11221.6867
128,16,4,false,6,1,336.8039
128,16,4,false,7,1,332.9680666666667
128,16,4,false,7,0,11110.470666666666
128,16,4,true,0,0,11443.6025
128,16,4,true,0,1,328.7594
128,16,4,true,1,1,328.42693333333335
128,16,4,true,1,0,11395.1653
128,16,4,true,2,0,11551.473166666667
128,16,4,true,2,1,336.2664
128,16,4,true,3,1,335.8074
128,16,4,true,3,0,11392.844
128,16,4,true,4,0,11378.582566666666
128,16,4,true,4,1,329.7155
128,16,4,true,5,1,329.72683333333333
128,16,4,true,5,0,11369.7302
128,16,4,true,6,0,11359.372866666667
128,16,4,true,6,1,329.46546666666666
128,16,4,true,7,1,341.3881333333333
128,16,4,true,7,0,11600.2288
